{"cameraMode":{"drawMode":0,"name":"Shaded","section":"Shading Mode"},"sceneLighting":true,"audioPlay":false,"sceneViewState":{"m_AlwaysRefresh":false,"showFog":true,"showSkybox":true,"showFlares":true,"showImageEffects":true,"showParticleSystems":true,"showVisualEffectGraphs":true,"m_FxEnabled":true},"in2DMode":false,"pivot":{"x":2.0426578521728517,"y":0.8108916282653809,"z":15.272176742553711},"rotation":{"x":-0.23482531309127809,"y":0.19012823700904847,"z":-0.046891968697309497,"w":-0.9521153569221497},"size":6.026110649108887,"orthographic":false}